{"AThaliana":{"AThaliana_sub_AThaliana-DMelanogaster":{"AThaliana":0.232849423987,"MMusculus":1.25413452979,"CElegans":1.29522828726,"RNorvegicus":2.30432428549,"HSapiens":2.83705664252,"DMelanogaster":2.89550635747,"SPombe":3.8421495508},"AThaliana_sub_AThaliana-HSapiens":{"AThaliana":0.266866525493,"MMusculus":1.24880775627,"CElegans":1.29937421487,"RNorvegicus":2.30059998189,"HSapiens":2.8201024595,"DMelanogaster":2.87633254893,"SPombe":3.82089515275},"AThaliana_sub_CElegans-AThaliana":{"AThaliana":0.187782244206,"MMusculus":1.25302595791,"CElegans":1.29255345248,"RNorvegicus":2.30180051716,"HSapiens":2.85853571731,"DMelanogaster":2.91502201324,"SPombe":3.86580347791},"AThaliana_sub_MMusculus-AThaliana":{"AThaliana":0.268581744531,"MMusculus":1.24855957638,"CElegans":1.3002524931,"RNorvegicus":2.30017745636,"HSapiens":2.81873776287,"DMelanogaster":2.87572245256,"SPombe":3.81939974567},"AThaliana_sub_RNorvegicus-AThaliana":{"AThaliana":0.255004660802,"MMusculus":1.25134817293,"CElegans":1.29883003791,"RNorvegicus":2.30188314862,"HSapiens":2.82625787008,"DMelanogaster":2.88228785461,"SPombe":3.82799386665},"AThaliana_sub_SCerevisiae-AThaliana":{"AThaliana":0.215729087495,"MMusculus":1.27754580978,"CElegans":1.28960360727,"RNorvegicus":2.33724459863,"HSapiens":2.84464349005,"DMelanogaster":2.88866685992,"SPombe":3.85133139973},"AThaliana_sub_SPombe-AThaliana":{"AThaliana":0.248814449637,"MMusculus":1.27104163763,"CElegans":1.2992463047,"RNorvegicus":2.33179955579,"HSapiens":2.83146096789,"DMelanogaster":2.87979818103,"SPombe":3.8349691417}},"CElegans":{"CElegans_sub_CElegans-AThaliana":{"CElegans":1.76885627924,"MMusculus":1.92897957303,"RNorvegicus":2.23157465708,"HSapiens":2.23561012292,"AThaliana":2.37529580814,"SPombe":2.67513641641,"DMelanogaster":2.69293488035},"CElegans_sub_CElegans-DMelanogaster":{"CElegans":0.769280313486,"AThaliana":1.32927606336,"MMusculus":1.51270046187,"RNorvegicus":1.977014961,"HSapiens":3.12100187867,"DMelanogaster":3.17279287181,"SPombe":3.94385844039},"CElegans_sub_CElegans-HSapiens":{"MMusculus":1.76007348233,"CElegans":1.80209876682,"RNorvegicus":1.91061921903,"HSapiens":2.2236004672,"AThaliana":2.27607610261,"SPombe":2.7116492847,"DMelanogaster":2.90662099296},"CElegans_sub_CElegans-MMusculus":{"MMusculus":1.70778227696,"CElegans":1.76879654672,"RNorvegicus":1.83804985878,"AThaliana":2.23597488596,"HSapiens":2.31577627399,"SPombe":2.82553332439,"DMelanogaster":2.97491815238},"CElegans_sub_CElegans-SCerevisiae":{"CElegans":0.183078930086,"AThaliana":1.34964400448,"MMusculus":1.67030411289,"RNorvegicus":2.26412015666,"HSapiens":2.82845695332,"DMelanogaster":2.84177335901,"SPombe":3.72115231699},"CElegans_sub_RNorvegicus-CElegans":{"CElegans":1.64983339346,"MMusculus":1.71410447493,"RNorvegicus":1.90863628656,"AThaliana":2.1761334339,"HSapiens":2.24650375951,"SPombe":2.78335322922,"DMelanogaster":2.82763360155},"CElegans_sub_SPombe-CElegans":{"CElegans":0.1735493244,"AThaliana":1.35164494058,"MMusculus":1.65044596122,"RNorvegicus":2.24611211387,"HSapiens":2.73352804333,"DMelanogaster":2.78738262349,"SPombe":3.62416380148}},"DMelanogaster":{"DMelanogaster_sub_AThaliana-DMelanogaster":{"DMelanogaster":0.800882271374,"HSapiens":2.60772651495,"CElegans":2.67925459638,"MMusculus":2.71678177656,"AThaliana":2.83417619238,"SPombe":3.06423942061,"RNorvegicus":3.93571383184},"DMelanogaster_sub_CElegans-DMelanogaster":{"DMelanogaster":0.962023023183,"HSapiens":2.47490935021,"MMusculus":2.73778755294,"CElegans":2.73957563862,"SPombe":2.7484743287,"AThaliana":2.96316062289,"RNorvegicus":3.87663661649},"DMelanogaster_sub_DMelanogaster-HSapiens":{"DMelanogaster":0.881723372605,"HSapiens":2.35950713944,"CElegans":2.51090207852,"MMusculus":2.58159691215,"SPombe":2.74766564314,"AThaliana":2.75593409176,"RNorvegicus":3.73083773215},"DMelanogaster_sub_MMusculus-DMelanogaster":{"DMelanogaster":0.943307171744,"HSapiens":2.28306903403,"CElegans":2.45223638299,"MMusculus":2.54628657343,"SPombe":2.64904987936,"AThaliana":2.72910476223,"RNorvegicus":3.67304436648},"DMelanogaster_sub_RNorvegicus-DMelanogaster":{"DMelanogaster":1.00446358132,"HSapiens":2.3583295553,"CElegans":2.45711311517,"MMusculus":2.55580157759,"SPombe":2.73229362604,"AThaliana":2.73375098093,"RNorvegicus":3.68926254876},"DMelanogaster_sub_SCerevisiae-DMelanogaster":{"DMelanogaster":0.732542550172,"HSapiens":2.44882361899,"CElegans":2.59486010452,"MMusculus":2.66820468411,"AThaliana":2.76779745836,"SPombe":2.90302250304,"RNorvegicus":3.86021362643},"DMelanogaster_sub_SPombe-DMelanogaster":{"DMelanogaster":0.82124690082,"HSapiens":2.55547477683,"CElegans":2.6271669591,"MMusculus":2.7011179641,"AThaliana":2.79166694937,"SPombe":3.01265823706,"RNorvegicus":3.9053872233}},"HSapiens":{"HSapiens_sub_AThaliana-HSapiens":{"HSapiens":0.273142182804,"SPombe":1.59851145001,"DMelanogaster":2.14550026707,"CElegans":2.53902548581,"MMusculus":2.5577158762,"AThaliana":2.7371378852,"RNorvegicus":3.1458099794},"HSapiens_sub_DMelanogaster-HSapiens":{"HSapiens":0.697517069064,"SPombe":1.88066679363,"DMelanogaster":2.26774485296,"CElegans":2.27905781107,"MMusculus":2.38169160369,"AThaliana":2.48937272384,"RNorvegicus":2.98695824179},"HSapiens_sub_HSapiens-HSapiens":{"CElegans":1.82596677325,"AThaliana":2.13425257876,"MMusculus":2.48036086282,"DMelanogaster":3.03064998739,"RNorvegicus":3.24093050687,"HSapiens":3.79983661449,"SPombe":4.67400566003},"HSapiens_sub_MMusculus-HSapiens":{"CElegans":1.82596677325,"AThaliana":2.13425257876,"MMusculus":2.48036086282,"DMelanogaster":3.03064998739,"RNorvegicus":3.24093050687,"HSapiens":3.79983661449,"SPombe":4.67400566003},"HSapiens_sub_RNorvegicus-HSapiens":{"CElegans":1.78226267593,"AThaliana":1.9779445842,"DMelanogaster":2.25090185645,"MMusculus":2.28077424318,"HSapiens":3.08201629482,"RNorvegicus":3.28417979863,"SPombe":3.93553932515},"HSapiens_sub_SPombe-HSapiens":{"HSapiens":0.324622657431,"SPombe":1.63152571036,"DMelanogaster":2.18966398622,"CElegans":2.47532906843,"MMusculus":2.48496542097,"AThaliana":2.6827998056,"RNorvegicus":3.04960408413}},"MMusculus":{"MMusculus_sub_CElegans-MMusculus":{"MMusculus":0.771795744235,"AThaliana":1.31845838058,"CElegans":1.56123828834,"RNorvegicus":2.26956487196,"DMelanogaster":2.69941756183,"HSapiens":2.86625370353,"SPombe":3.76352505519},"MMusculus_sub_MMusculus-AThaliana":{"MMusculus":1.83314904465,"CElegans":1.85878741475,"AThaliana":2.08806762743,"DMelanogaster":2.14191274962,"RNorvegicus":2.96252598893,"HSapiens":2.99686252578,"SPombe":3.58987287315},"MMusculus_sub_MMusculus-DMelanogaster":{"MMusculus":0.945142284549,"AThaliana":1.37067975811,"CElegans":1.56282140694,"RNorvegicus":2.35983619371,"DMelanogaster":2.73890428499,"HSapiens":3.05480516356,"SPombe":3.9267056401},"MMusculus_sub_MMusculus-HSapiens":{"CElegans":4.02934724963,"AThaliana":4.05695389519,"MMusculus":4.13613981383,"RNorvegicus":4.62520673969,"DMelanogaster":5.06596387892,"HSapiens":5.85180765983,"SPombe":6.53103405488},"MMusculus_sub_MMusculus-SCerevisiae":{"MMusculus":0.476603144882,"AThaliana":1.2189045611,"CElegans":1.52510101105,"RNorvegicus":2.16449379509,"DMelanogaster":2.68524399139,"HSapiens":2.74362657541,"SPombe":3.65307798364},"MMusculus_sub_RNorvegicus-MMusculus":{"MMusculus":4.45949868682,"AThaliana":4.47318455702,"CElegans":4.47992305322,"RNorvegicus":5.04232138678,"DMelanogaster":5.26751483434,"HSapiens":6.05704711854,"SPombe":6.66715680914},"MMusculus_sub_SPombe-MMusculus":{"MMusculus":0.308160496044,"AThaliana":1.23370776203,"CElegans":1.51492275881,"RNorvegicus":2.0644273834,"HSapiens":2.69247887651,"DMelanogaster":2.71139342604,"SPombe":3.58660875918}},"RNorvegicus":{"RNorvegicus_sub_RNorvegicus-AThaliana":{"AThaliana":1.91620508843,"MMusculus":1.91834233938,"CElegans":2.09576832731,"RNorvegicus":2.79556157779,"DMelanogaster":3.6798877746,"HSapiens":3.97058342145,"SPombe":4.67471159586},"RNorvegicus_sub_RNorvegicus-CElegans":{"RNorvegicus":0.322895758931,"MMusculus":1.98530982275,"CElegans":2.32478517717,