{"AThaliana":{"AThaliana:AThaliana-DMelanogaster":{"AThaliana":4.30662224447,"CElegans":4.35400026434,"MMusculus":4.45049743704,"RNorvegicus":4.98788498915,"DMelanogaster":5.09448606361,"HSapiens":5.83619404404,"SPombe":6.60270114424},"AThaliana:AThaliana-HSapiens":{"AThaliana":4.5278413894,"CElegans":4.60489076533,"MMusculus":4.67676141628,"RNorvegicus":5.27470256298,"DMelanogaster":5.39263982878,"HSapiens":6.20796905149,"SPombe":7.01138383502},"AThaliana:CElegans-AThaliana":{"AThaliana":4.12051485453,"CElegans":4.26457236254,"MMusculus":4.29549831628,"RNorvegicus":4.59318308351,"DMelanogaster":5.37229891492,"HSapiens":5.79451269562,"SPombe":6.60187331347},"AThaliana:MMusculus-AThaliana":{"AThaliana":4.4342958647,"CElegans":4.51408749471,"MMusculus":4.57379434706,"RNorvegicus":5.19276766242,"DMelanogaster":5.32264253519,"HSapiens":6.13841608493,"SPombe":6.9352398587},"AThaliana:RNorvegicus-AThaliana":{"AThaliana":4.35695871181,"CElegans":4.4320409255,"MMusculus":4.48414352584,"RNorvegicus":5.13464334437,"DMelanogaster":5.19983545979,"HSapiens":6.04141356229,"SPombe":6.82727195557},"AThaliana:SCerevisiae-AThaliana":{"AThaliana":1.67241129816,"MMusculus":1.76299894557,"RNorvegicus":2.26728650437,"CElegans":2.2897897727,"DMelanogaster":3.8807462449,"HSapiens":3.88689421967,"SPombe":4.79059489704},"AThaliana:SPombe-AThaliana":{"MMusculus":1.52388344787,"AThaliana":1.5561324563,"CElegans":2.02826005992,"RNorvegicus":2.36024505752,"DMelanogaster":3.43200101492,"HSapiens":3.4929696273,"SPombe":4.33912043773}},"CElegans":{"CElegans:CElegans-AThaliana":{"AThaliana":4.50505691343,"CElegans":4.57037521881,"MMusculus":4.62201565414,"RNorvegicus":4.72236714098,"DMelanogaster":5.62777224753,"HSapiens":6.26701587528,"SPombe":7.06698348298},"CElegans:CElegans-DMelanogaster":{"CElegans":1.93167741085,"MMusculus":2.15897634964,"RNorvegicus":2.32005165939,"AThaliana":2.56757618746,"HSapiens":2.62273628942,"SPombe":3.00042159522,"DMelanogaster":3.06033288127},"CElegans:CElegans-HSapiens":{"CElegans":0.63014768063,"AThaliana":1.58659089566,"MMusculus":1.73608465568,"RNorvegicus":2.00602680832,"HSapiens":3.0010442535,"DMelanogaster":3.11141258472,"SPombe":3.84189739011},"CElegans:CElegans-MMusculus":{"CElegans":0.566005686139,"AThaliana":1.57407170479,"MMusculus":1.75804421668,"RNorvegicus":2.06915017758,"HSapiens":2.97371479289,"DMelanogaster":3.05831570346,"SPombe":3.81432597848},"CElegans:CElegans-SCerevisiae":{"DMelanogaster":1.91369262818,"CElegans":1.9587849661,"AThaliana":1.98932686518,"MMusculus":2.25593320878,"HSapiens":2.6566661368,"RNorvegicus":3.22166720568,"SPombe":3.25948285188},"CElegans:RNorvegicus-CElegans":{"CElegans":0.758792212138,"AThaliana":1.67339539937,"MMusculus":1.7879484704,"RNorvegicus":2.09058267449,"DMelanogaster":3.07042040681,"HSapiens":3.10553097905,"SPombe":3.91839907838},"CElegans:SPombe-CElegans":{"AThaliana":1.91867023687,"CElegans":2.23461591357,"MMusculus":2.5814208165,"RNorvegicus":3.1609835921,"DMelanogaster":3.7292800919,"HSapiens":4.25687111651,"SPombe":5.19397613251}},"DMelanogaster":{"DMelanogaster:AThaliana-DMelanogaster":{"DMelanogaster":6.57404096094,"CElegans":6.66075873445,"AThaliana":6.78070104207,"MMusculus":6.80394883121,"RNorvegicus":7.42774232242,"HSapiens":7.50686961972,"SPombe":7.96071343559},"DMelanogaster:CElegans-DMelanogaster":{"DMelanogaster":4.68739750492,"CElegans":5.32728955502,"AThaliana":5.41204519179,"MMusculus":5.41271281853,"HSapiens":5.92109072478,"RNorvegicus":6.19320344405,"SPombe":6.42651116538},"DMelanogaster:DMelanogaster-HSapiens":{"DMelanogaster":4.10914676369,"CElegans":4.93001828427,"MMusculus":4.98526617754,"AThaliana":5.00834164508,"HSapiens":5.46932680279,"RNorvegicus":5.86463584876,"SPombe":5.95754637512},"DMelanogaster:MMusculus-DMelanogaster":{"DMelanogaster":4.12187458978,"CElegans":4.96554698718,"MMusculus":5.01345320455,"AThaliana":5.04443817024,"HSapiens":5.47378116882,"RNorvegicus":5.886344933,"SPombe":5.94744570047},"DMelanogaster:RNorvegicus-DMelanogaster":{"DMelanogaster":4.13556892585,"CElegans":4.97126783507,"MMusculus":5.02271562923,"AThaliana":5.05370141638,"HSapiens":5.48102695626,"RNorvegicus":5.89123076421,"SPombe":5.9513373173},"DMelanogaster:SCerevisiae-DMelanogaster":{"DMelanogaster":5.62492784194,"CElegans":5.89022663267,"AThaliana":6.01883897606,"MMusculus":6.02103076693,"HSapiens":6.5976855943,"RNorvegicus":6.63684382471,"SPombe":7.03936386102},"DMelanogaster:SPombe-DMelanogaster":{"DMelanogaster":5.52437184853,"CElegans":5.7441451074,"AThaliana":5.85421463121,"MMusculus":5.86590150523,"HSapiens":6.47361816675,"RNorvegicus":6.48181098916,"SPombe":6.95685414585}},"HSapiens":{"HSapiens:AThaliana-HSapiens":{"SPombe":0.9030094811,"HSapiens":0.972196058915,"DMelanogaster":2.41608377702,"MMusculus":2.96233684244,"CElegans":3.10849864439,"AThaliana":3.37270080776,"RNorvegicus":3.44733929576},"HSapiens:CElegans-HSapiens":{"HSapiens":1.4680295139,"DMelanogaster":1.94872978415,"MMusculus":1.98432709418,"SPombe":2.28194243145,"CElegans":2.39251740557,"AThaliana":2.45358022754,"RNorvegicus":2.86961993824},"HSapiens:DMelanogaster-HSapiens":{"HSapiens":0.73743595503,"SPombe":1.17307558007,"DMelanogaster":2.24224025933,"MMusculus":2.72192011713,"CElegans":2.96544840953,"AThaliana":3.1353693802,"RNorvegicus":3.29006094772},"HSapiens:RNorvegicus-HSapiens":{"HSapiens":0.236743615451,"SPombe":1.5075768581,"DMelanogaster":2.29782412499,"MMusculus":2.59339396931,"CElegans":2.64492027459,"AThaliana":2.85117224178,"RNorvegicus":3.07996258656},"HSapiens:SCerevisiae-HSapiens":{"HSapiens":1.2765526582,"SPombe":1.54624338681,"DMelanogaster":2.02650783043,"MMusculus":2.70926512306,"CElegans":2.90428311848,"AThaliana":3.11232171638,"RNorvegicus":3.36050188404},"HSapiens:SPombe-HSapiens":{"SPombe":0.901585928781,"HSapiens":1.05255535876,"DMelanogaster":2.28629312945,"MMusculus":3.0784214213,"CElegans":3.21826182916,"AThaliana":3.45988007865,"RNorvegicus":3.59986729599}},"MMusculus":{"MMusculus:CElegans-MMusculus":{"MMusculus":1.50067395258,"AThaliana":1.76581406418,"CElegans":2.07826756694,"RNorvegicus":2.53642277752,"DMelanogaster":3.0569289982,"HSapiens":3.07169159582,"SPombe":3.69617258855},"MMusculus:MMusculus-AThaliana":{"RNorvegicus":2.81486283655,"MMusculus":3.02989050533,"AThaliana":3.19518170791,"CElegans":3.70583712149,"HSapiens":5.27287032955,"DMelanogaster":5.45021342346,"SPombe":6.03148947572},"MMusculus:MMusculus-DMelanogaster":{"MMusculus":1.32441053206,"RNorvegicus":1.59735207721,"AThaliana":1.78226196468,"CElegans":2.0106899742,"HSapiens":3.20412666276,"DMelanogaster":3.70028661937,"SPombe":3.96859982508},"MMusculus:MMusculus-HSapiens":{"MMusculus":1.5440342444,"RNorvegicus":1.90465696072,"AThaliana":2.16426682299,"CElegans":2.35379658413,"HSapiens":3.34923102355,"DMelanogaster":3.78244185457,"SPombe":4.00241026612},"MMusculus:MMusculus-SCerevisiae":{"AThaliana":3.07712000404,"MMusculus":3.21373177583,"CElegans":3.39225163435,"RNorvegicus":3.40284140599,"DMelanogaster":4.54521519246,"HSapiens":4.94985932124,"SPombe":5.83679976568},"MMusculus:RNorvegicus-MMusculus":{"MMusculus":1.50584841153,"RNorvegicus":1.89246880035,"AThaliana":2.12881466328,"CElegans":2.31508031861,"HSapiens":3.25871367511,"DMelanogaster":3.71165296984,"SPombe":3.91466294896},"MMusculus:SPombe-MMusculus":{"AThaliana":3.50508405715,"CElegans":3.55845989184,"MMusculus":3.87142448765,"RNorvegicus":4.21341259447,"DMelanogaster":4.88835075472,"HSapiens":5.68167916091,"SPombe":6.55757596528}},"RNorvegicus":{"RNorvegicus:RNorvegicus-AThaliana":{"AThaliana":4.77815954138,"CElegans":4.86861025899,"MMusculus":4.93777503212,"RNorvegicus":4.9497259234,"DMelanogaster":6.15004215517,"HSapiens":6.67536003845,"SPombe":7.47582320796},"RNorvegicus:RNorvegicus-CElegans":{"AThaliana":3.62615144229,"CElegans":3.80973523588,"MMusculus":3.81206245825,"RNorvegicus":3.99045577307,"DMelanogaster":5.13537850688,"HSapiens":5.53089120814,"SPombe":6.37399601273},"RNorvegicus:RNorvegicus-DMelanogaster":{"RNorvegicus":1.84230140149,